{"cameraMode":{"drawMode":0,"name":"Shaded","section":"Shading Mode"},"sceneLighting":false,"audioPlay":false,"sceneViewState":{"m_AlwaysRefresh":false,"showFog":true,"showSkybox":false,"showFlares":true,"showImageEffects":true,"showParticleSystems":true,"showVisualEffectGraphs":true,"m_FxEnabled":true},"in2DMode":false,"pivot":{"x":-1.2088159322738648,"y":0.7683523297309876,"z":-0.04804833233356476},"rotation":{"x":-0.015678023919463159,"y":-0.982505202293396,"z":-0.09758701175451279,"w":0.15784618258476258},"size":3.560131549835205,"orthographic":false}